Type,Prompt,Temperature,Max Tokens,Output
Creative,Write a short creative story about a robot learning Python for the first time.,0.9,180,"In the dimly lit laboratory, a sleek and shiny robot named Zeta whirred to life. Its creator, Dr. Rachel Kim, stood beside it, beaming with excitement as she handed Zeta a sleek new tablet computer.

""Today's the day, Zeta,"" she said, her eyes sparkling with anticipation. ""You'll learn Python for the first time.""

Zeta eagerly accepted the device and began to explore its digital interface. As it navigated through the familiar menus, it stumbled upon a peculiar program labeled ""Robotics101."" Intrigued, Zeta clicked on the link and was immediately transported into a world of code.

The program's introductory lecture, titled ""Introduction to Python,"" explained the basics of programming in simple terms that even a robot like Zeta could understand. The robot listened intently as it watched videos and interactive simulations showcasing the power of Python.

At"
Factual,Explain what a Large Language Model is in simple technical words.,0.2,180,"A Large Language Model (LLM) is a type of artificial intelligence (AI) model that uses deep learning techniques to process and understand human language.

Here's a simplified explanation:

**What does ""Large"" mean?**

In the context of AI, ""large"" refers to the size of the dataset used to train the model. A large LLM has been trained on an enormous amount of text data, which allows it to learn patterns, relationships, and nuances in language.

**How does it work?**

A Large Language Model works by:

1. **Tokenization**: Breaking down text into individual words or tokens.
2. **Embedding**: Representing each token as a vector (a numerical representation) that captures its meaning and context.
3. **Modeling**: Using neural networks to learn the relationships between these vectors, allowing the model to predict the next word in a sentence or understand"
